agent_img_001_001_e11ee8244f22	1	Agent	1. 拆文档: 按行提取文字 + 字体、加粗、缩进等样式 2. 正则挖标题: 匹配章节、编号，生成标题特征 3. 人工标少量数据: 标注 level1/2/3 / 正文 4. 训练小模型: XGBoost 学特征，自动分标题层级 5. 后处理修正: 规则补全错误，得到完整结构 6. 按层级切块: 不割裂语义，生成高质量 chunk
agent_img_001_002_cd654a4171e8	1	Agent	| —. Witte Ata? NS intt= 第一步: 确定评估范围明确要履盖哪些领域和文档类型。在我们的金融保险项目中，测试集覆盖了四个核心场景: 理赔流程、产品条款、报销制度、销售策略。每个场景至少 50 条 query, Mit 200+ 条。 第二步: 设计评估问题问题来源有两种: 人工编写——由熟悉文档的人基于内容提出问题。质量高但成本大，适合核心场景。 LLM 自动生成——让大模型阅读文档后生成问答对。速度快但质量参差不齐，需要人工筛选。 选标准是: 问题必须能在知识库中找到明确答案、表述自然不生硬、不跟其他问题重复。 第三步: 标注参考答案和支持证据每个问题需要标注两样东西: 参考答案——这个问题的正确回答是什么。由人工撰写或确认，尽量履盖关键信息点。 支持证据——答案来自哪个文档的哪个片段。记录文档ID、Chunk ID、页码。这不仅用于检索评估 (判断系统有没有找到正确片段)，也用于生成评估 (判断 LLM 有没有基于证据回答)。
agent_img_001_003_30bfe2dad039	1	Agent	BOS: 覆盖多样性和难度测试集不能只有简单题，要包含: 简单事实题——"等待期是多久”” (答案在单个 Chunk 里) 多跳推理题——"买了两份意外险都能赔吗? ” (需要综合多个 Chunk) 否定性查询——"核辐射能赔吗?”” (答案在免责条款里，容易召回错误的承保条款) 口语化查询——"孩子在学校摔了能报不?” (表述跟知识库差异大) 第五步: 质量审查抽样 20% 的标注数据做交叉验证——让另一个人检查参考答案是否正确、支持证据是否能推出答案。我们发现初次标注的错误率约 89%，交叉验证后降到 2% 以下。 第六步: RBG 测试集不是一次性工作。每次发现线上 badcase，就把它加入测试集。我们的测试集从最初的 200 条增长到了 350 条，其中 50 条是从线上 badcase 中沉泥的"难题"。
agent_img_001_004_90500f357b93	1	Agent	AR 数据构造 eee eee ~ Prompts、 P-Tuning、 / / / N\ f \ 1 1 1 | / 构建 {"question": " TEAR B) AY 最高? ","answer":" \ 1 你是一名Mysql数据库开发 | | | I 问答模板 select 公司全称 ffom company_table where 年份 =' | 1 1 人 1 | | | es and is not null order by desc limit 1"} 1 | 据已知的表名、字段名和用 | | | | 1。 1 PRA SIRES salttes | _ 已 = {"question": " 年哪冢公司的最局? 1 1! company_table已知字段 | | | 变量 ""answer": "select 公司全称from company_table where 年 1 | SS | PRE SEQ LEN=128 | =' | SRaOREM NH, Ba I 一 —— I desc limit 1"} | 1 a i 1 max_source_lengt
agent_img_001_005_ce1638579d53	1	Agent	一个可以审到面试里用的答题框以: "我们建立了三路badcase收集渠道 (用户反馈、客服工单、目动检测)，用四分类框以(检索失败、幻觉生成、路由错误、知识缺失) 对badcase分类，按类型分配给对应团队处理。每次修复之后，先企原badcase上验证通过，再跑全量回归测试，确认三个核心指标没有退化超过2%，最后通过107%灰硫友布上线。6个月的实践证明，这套机制把系统准确率从76%提升到了8976。 "
agent_img_001_006_ccc7f5e4f8ea	1	Agent	FAQ 的本质: 不是搜索，是匹配 FAQ 库存储的是Q-A对 (占题-答案对)，核心{王务是: 用户输入的 Query 和库里哪条 Q 最相似，然后返回对应的 A。这本质上是一个文本匹配任务，不是关键词搜索。 udesk 举个例子: FAP Ia):，退钱要多久? FAQ 库里的标准问题是: ”退款到账时效是多少天? O 两句话字面没有重考词，但语义相同，这就要求 FAQ 检索必须用语义匹配而不是关键词匹配。 woshipm
agent_img_001_007_d75dc63bc8b4	1	Agent	|一、幻觉问题: MENT, BSE 这是 RAG 生成阶段最致命的问题。你明明检索到了正确的文档片段，喂给了大模型，但模型生成的回答里居然出现了文档中根本不存在的信息。 为什么会这样?”因为大模型的本质是"续写"——它会基于自己在预训练阶段学到的知识来补全内容。当检索到的上下文不够明确、或者模型对某个话题有"先入为主"的知识时，它就可能混入自己编造的内容，而不是老老实实只用你提供的资料。 在我们训练曹的实战项目中，金融保险场景下这个问题尤其严重。用户问"ABC寿险的保障学围"， 检索到的文档明确写了"涵盖身故、全残保障，附加重大疾病险"，但模型有时会自行补充一句 "还包含住院津贴保障`——这个内容根本不在检索到的文档里，纯粹是模型自己编的。在金融场景下，这种幻觉可能导致严重的合规风险。这也是我在训练营里反复提醒的: 幻觉不是小概率事件，而是 LLM 的天性，必须主动压制。
agent_img_001_008_cd3df81953ab	1	Agent	| 一、记忆模块在 RAG 里到底扮演什么角色? 很多人把"记忆”简单理解为"把对话历史塞进 Prompt"，这只是最初级的做法。 一个完整的记忆模块，本质上是 RAG 系统的第二个检索源。| 第一个检索源是知识库 (静态的、所有用户共享的)，第二个检索源是记忆库 (动态的、跟特定用户/会话绑定的)。 引入记忆模块后，系统的数据流变成了这样: 用户查询进来一同时从知识库检索静态知识、从记忆库检索历史上下文一融合两路信息一 LLM 生成回答一新一轮对话写入记忆库。 这个循环让系统具备了"越聊越介你"的能万。客服场景里，系统记住了用户之前提过的保单信息， 就不用让用户每次都重复报保单号;个人助理场景里，系统记住了用户的饮食偏好，推荐餐厅时就能自动避开不合适的。
agent_img_001_009_94911bd17c4e	1	Agent	| “HyDE® 感觉比较费万" 这位朋友说的没错，HyDE 确实有成本。 回顾一下 HyDE 的思路: 让 LLM 先根据 query 生成一个"假设的理想回答"，再用这个回答的 Embedding 去检索，而不是直接用 query 的 Embedding。好处是假设文档比短 query 语义更丰富，检索效果更好。 但代价也很明显: 每次检索前要多一次 LLM 调用。 这意味着额外的延迟 〈几百毫秒到几秒) 和额外的 API 费用。对于响应速度敏感的在线场景，这个代价可能不划算。 我的建议是: HyDE 不是默认开启的功能，而是针对特定场景的增强策略。 什么时候用 HyDE? 当你的 query 特别短、特别模糊，直接检索效果很差的时候。比如用户只输入了"退保"两个字，向量检索不知道他想问退保流程、退保费用还是退保条件，召回一堆不相关内容。这时候让 LLM 先生成一段关于人退保的完整回答，再用这段回答去检索，效果会好很多。 什么时候不用?”当 query 本身已经足够清晰完整 (比如"2024年车险理赔需要提交哪些材料")，直接检索就能命中，没必要多花一次 LLM 调用。 工程上的做
agent_img_001_010_06e3063fd73c	1	Agent	| 面试怎么答 RAG 权限管理? 面试官问到 RAG 权限管理，一般考察的是两个层次的认知: 第一，你知不知道问题的严重性; 第二，你有没有系统性的解决方案。 第一层，说清楚问题: 向量数据库默认没有行级权限，不做处理上所有用户看到所有数据。在银行、 医疗、政府等场景这是合规红线。 第二层，说三层架构: 接入层做身份认证，JWT Token 携带权限上下文; 检索层在向量数据库的 search() 里通过 expr 或 partition_names 做权限过滤; 返回层对结果做二次验证。 第三层，说两种 Milvus 方案的区别 : 元数据过滤是逻辑隔离，灵活但依赖代码正确性; 分区隔离是物理隔离，安全但分区数量有上限 (4096)，适合按大区隔离再用元数据做细粒度过滤。 第四层，说踩过的坑: 搜完再过滤会导致召回率低，正确做法是搜索时就带 expr 过滤; 分区数量有上限，大型机构要注意; 权限查询要缓存在 Token 里避免延迟。 SHAE, MAM: 关系型数据库用 RLS 做行级安全; 完整的安全审计日志和异常检测机制。 能说出前三层，基本通过; 说出第四层，面试官会觉得你
agent_img_001_011_6947aa966103	1	Agent	| 三屋权限控制架构一 — o RAGRA= Wi mF MEY (Pwrrotennamemeratian [>| © ancateniit RE: 向量数据库过滤 | RY | 局 wivus元数据过滤(expr条件) = > 目目分区物理隔 i 返回层: 二次验证请求 RAG系统三层权限控制以构
agent_img_001_012_922c16272133	1	Agent	| 一、为什么不能所有 query 都走同一条路? 在我们训练膏的金融保险实战项目里，用户的问题类型非溃杂: 有的是事实型查询——"A 款保险的保障光围是什么)”“，这种直接去知识库检索束行。 有的是计算型查询——"我投保了 50 万，免赔额 5000，这次理赔能拿多少? "，这种需要路由到计算异块，而不是检索。 有的是数据库查询——"上个月理赔审批的平均时长是多少天?"，这种需要走 NL2SQL“，把自然语言转成数据库碍询语句。 有的是带时间约束的查询——"最新的车险理赔流程是什么)“"“，这种虽然走检索，但需要加时间过有的是闲聊——"今天天和气怎么样? "，这种根本不该进 RAG 流程。 如果你把所有 query 都一股脑丢进向量检索，会出现两种乾众情况: 一是该算的不算 (计算题去检索文档，拿回来的是理赔政策而不是计算结果)，二是该过滤的不过滤 (要最新流程却召回了旧版本，因为语义检索不理解"最新"这个约束)。
agent_img_001_013_803b291fe2c9	1	Agent	@ @ e y £N % 回使用 Skill 做 Al Coding 录到的问题在实际使用 Spec Coding 的过程中，我们发现了一些问题 : 1. 复杂的任务会导致 Skill 过于复杂: 如果使用一个 Skill 去完成一个复杂的工作，会导致 Skill 复杂度过高，就像我们将所有代码写在一个方法里，需要做适当拆分。 2. 多 Skill 任务执行准确率低: 如果直接将一堆 Skill 丢给 Al1，那么在执行复杂任务的时候，Al 并不会很好的按照我们预期的方式去使用这些 Skill，所以需要提供一定的引导。 3. 编写 Skill 耗时高: 打磨一个好用的 Skill 确实需要人花费一定量的时间。 因此我们做了一个名为 kuspec 的内部工具去党试解决这些问题: 1. 针对第一和第二个问题，我们提出了 Workflow 概念，每一个 Workflow 是包含若干个单一职责的 Skill 的编排，通过 Workflow 将一个复杂的任务拆解成若干个步骤，每一步需要非常明确的告诉 Al 使用哪一个具体的 Skill。 2. 针对第三个问题，我们提供了创建 Workflow 的
agent_img_001_014_65226eff0183	1	Agent	土十斗士 ~。 上下文封妆的基本单位: Workflow 工作流包含特定业务的上下文，以及对通用 Skill 的执行编排。 工作流本质是对我们一整个工作流程的语义描述，在编写工作流的时候，我们要在人的角度思考，人是怎么完成这个工作的，随后对其进行语义化表述，就是我们的工作流。
agent_img_001_015_5be324090a5c	1	Agent	Workflow 业务相关上下文 Skills执行编排 1，使用Skills1完成 2.使用Skills2完成· Skills Skills1 Skills2 Skills3 Skills4 Skills5
agent_img_001_016_55162987dd1e	1	Agent	第二层: 生成中——强化推理链完整性 〈治逻辑型幻觉) 针对逻辑型幻觉，2025 年主流方案是 Chain-of-Thought (CoT) 强制推理 : arxiv。 要求异型在给出答案前先输出推理步骤，每一步推理都有中间结论。 好处: 推理过程可审查，一旦中间步又出错，可以在后处理阶段被检测到，而不是只看到最终错误答案。 在Agent 工具调用场景，还需要对模型输出的工具参数做类型/范围校验，拦截因幻觉产生的错j吃调用 juejin
agent_img_001_017_29006a1055a1	1	Agent	M 遗漏的天键点 1. 结构化输出约束 (Structured Output) 金融场景最重要的事前手段之一: 强制模型输出JSON 格式，每个字段 (利率、条款编号、结论) 都有严格的类型和值域约束，数字字段直接从 RAG 原文抽取而间推算。这可以从根源上杜绝"上自行推算利率出 fe IX SSE ZI. OK 2.引用一致性自动校验 (Attribution Verification) 事中检测的核心: 对模型输出中每一名引用声明，用文本相似度或 NLI 模型自动比对原始检索文档，判断该句是否有文献驻撑。蚂蚁集团 HOP 框以中明确提出了"声明级别的溯源验证"。 OK 3. 置信度分级+ 人工审核路由 (SRP) 金融场景不能只靠自动化儿底，工业界标准是: 低置信和度 / 校验失败的案例强制路由至人工复炉，同时将这些样本沉泥为难例数据集，用于后续模型迭代。闪
agent_img_001_018_90388fa1fee2	1	Agent	RAG Prompt 的逻辑完全不同: 你传进去问题 + 检索到的文档片段，要求模型只用这些文档片段来回答，不能用参数台识。 这里有一个根本性的矛盾: LLM 在预训练阶段见过海量文本，脑子里已经仔了大量燥识。当你给它一段检索文档，问它问题，它的默认行为是: 把检索文档的信息和自己的参数知识混合使用。
agent_img_001_019_e69b9d279a6c	1	Agent	RAG专用Prompt结构设计 System Prompt User Prompt 角色定义参考文档 ”金融保险智能客服格式化的检索片段回答规则 ee ee。 只用文档。 引用来源。 数字核实 ame 用户问题+回答指令负面约束 | , ie ~ Senn 用户的问题内容和具体的回答要求 RAG专用Prompt结构设计
agent_img_001_020_34269172aa96	1	Agent	| 总结 Multi-Agent 不是把几个 LLM 调用摆在一起。它需要解决的是: 任务如何分解、子任务如何调度、 子 Agent 失败如何处理、并行结果如何合并、了矛盾结论如何裁定。 Supervisor 模式是生产环境中最主流的 Multi-Agent 架构: 一个中心 Supervisor S39 2K, SF Agent 只负责执行，决策权和执行权分离。 错误处理的核心是"不阻塞"原则: 重试 + 降级，让一个子 Agent 的失败止步于目己，不传染给整个系统。 结果合并的核心是"规则显式化”: 人数据北盾了时谁做先、矛盾'奈么标注、缺失和号么处理，这些规则要写进 Prompt，不能让 LLM BORE. 并行是有上限的: 2-3 个子 Agent 并行是大多数场景的最优解，更多的并行市来的是协调开销和 API 限速，不是更快的速度。
agent_img_002_001_dcd9267f7f8b	2	RAG	特性 GraphRAG LightRAG PathRAG 子图/社区检索: 利用社区检测 ” 双阶段检索: 结合快速的局部检索和深 BARR: 使用基于流的剪枝算法识检索机制算法找到相关社区，并聚合其所 ”入的全局检索。 别并提取最相关的关系路径。 有信息。 将整个相关社区或子图的信息在保证效率的前提下，从图中检索相关 ”将检索出的关系路径转换为文本，作信息处理方式 (可能包含大量节点和边) 进行 ”信息片段。 为上下文提供给生成模型。 RA. 1. BMPR: 擅长发现群体社 1. RRBM: 在速度和深度间取得平 1. WHBIRKAK: 能更好地理解实区和全局趋势。 衡。 体间的复杂联系。 2，信息全面: 提供整个社区的 2.计算轻量: 兼顾了性能和效率。 2. MORE: 有效过滤宛余信息， 背景信息。 提升答案质量。 1. BAR: 可能包含大量不”1， 深度可能不足: 为避免元余而可能路径提取算法可能复杂，且依赖路径相关信息，引入噪声。 牺牲对复杂关系的深度探索。 的质量和覆盖度。 MESS 5 推理深度不足: 可能忽略复。 2，仍有关键信息遗漏的风险。 杂的多跳关系路径。
agent_img_002_002_e11ee8244f22	2	RAG	1. 拆文档: 按行提取文字 + 字体、加粗、缩进等样式 2. 正则挖标题: 匹配章节、编号，生成标题特征 3. 人工标少量数据: 标注 level1/2/3 / 正文 4. 训练小模型: XGBoost 学特征，自动分标题层级 5. 后处理修正: 规则补全错误，得到完整结构 6. 按层级切块: 不割裂语义，生成高质量 chunk
agent_img_002_003_cd654a4171e8	2	RAG	| —. Witte Ata? NS intt= 第一步: 确定评估范围明确要履盖哪些领域和文档类型。在我们的金融保险项目中，测试集覆盖了四个核心场景: 理赔流程、产品条款、报销制度、销售策略。每个场景至少 50 条 query, Mit 200+ 条。 第二步: 设计评估问题问题来源有两种: 人工编写——由熟悉文档的人基于内容提出问题。质量高但成本大，适合核心场景。 LLM 自动生成——让大模型阅读文档后生成问答对。速度快但质量参差不齐，需要人工筛选。 选标准是: 问题必须能在知识库中找到明确答案、表述自然不生硬、不跟其他问题重复。 第三步: 标注参考答案和支持证据每个问题需要标注两样东西: 参考答案——这个问题的正确回答是什么。由人工撰写或确认，尽量履盖关键信息点。 支持证据——答案来自哪个文档的哪个片段。记录文档ID、Chunk ID、页码。这不仅用于检索评估 (判断系统有没有找到正确片段)，也用于生成评估 (判断 LLM 有没有基于证据回答)。
agent_img_002_004_30bfe2dad039	2	RAG	BOS: 覆盖多样性和难度测试集不能只有简单题，要包含: 简单事实题——"等待期是多久”” (答案在单个 Chunk 里) 多跳推理题——"买了两份意外险都能赔吗? ” (需要综合多个 Chunk) 否定性查询——"核辐射能赔吗?”” (答案在免责条款里，容易召回错误的承保条款) 口语化查询——"孩子在学校摔了能报不?” (表述跟知识库差异大) 第五步: 质量审查抽样 20% 的标注数据做交叉验证——让另一个人检查参考答案是否正确、支持证据是否能推出答案。我们发现初次标注的错误率约 89%，交叉验证后降到 2% 以下。 第六步: RBG 测试集不是一次性工作。每次发现线上 badcase，就把它加入测试集。我们的测试集从最初的 200 条增长到了 350 条，其中 50 条是从线上 badcase 中沉泥的"难题"。
agent_img_002_005_90500f357b93	2	RAG	AR 数据构造 eee eee ~ Prompts、 P-Tuning、 / / / N\ f \ 1 1 1 | / 构建 {"question": " TEAR B) AY 最高? ","answer":" \ 1 你是一名Mysql数据库开发 | | | I 问答模板 select 公司全称 ffom company_table where 年份 =' | 1 1 人 1 | | | es and is not null order by desc limit 1"} 1 | 据已知的表名、字段名和用 | | | | 1。 1 PRA SIRES salttes | _ 已 = {"question": " 年哪冢公司的最局? 1 1! company_table已知字段 | | | 变量 ""answer": "select 公司全称from company_table where 年 1 | SS | PRE SEQ LEN=128 | =' | SRaOREM NH, Ba I 一 —— I desc limit 1"} | 1 a i 1 max_source_lengt
agent_img_002_006_ce1638579d53	2	RAG	一个可以审到面试里用的答题框以: "我们建立了三路badcase收集渠道 (用户反馈、客服工单、目动检测)，用四分类框以(检索失败、幻觉生成、路由错误、知识缺失) 对badcase分类，按类型分配给对应团队处理。每次修复之后，先企原badcase上验证通过，再跑全量回归测试，确认三个核心指标没有退化超过2%，最后通过107%灰硫友布上线。6个月的实践证明，这套机制把系统准确率从76%提升到了8976。 "
agent_img_002_007_ccc7f5e4f8ea	2	RAG	FAQ 的本质: 不是搜索，是匹配 FAQ 库存储的是Q-A对 (占题-答案对)，核心{王务是: 用户输入的 Query 和库里哪条 Q 最相似，然后返回对应的 A。这本质上是一个文本匹配任务，不是关键词搜索。 udesk 举个例子: FAP Ia):，退钱要多久? FAQ 库里的标准问题是: ”退款到账时效是多少天? O 两句话字面没有重考词，但语义相同，这就要求 FAQ 检索必须用语义匹配而不是关键词匹配。 woshipm
agent_img_002_008_d75dc63bc8b4	2	RAG	|一、幻觉问题: MENT, BSE 这是 RAG 生成阶段最致命的问题。你明明检索到了正确的文档片段，喂给了大模型，但模型生成的回答里居然出现了文档中根本不存在的信息。 为什么会这样?”因为大模型的本质是"续写"——它会基于自己在预训练阶段学到的知识来补全内容。当检索到的上下文不够明确、或者模型对某个话题有"先入为主"的知识时，它就可能混入自己编造的内容，而不是老老实实只用你提供的资料。 在我们训练曹的实战项目中，金融保险场景下这个问题尤其严重。用户问"ABC寿险的保障学围"， 检索到的文档明确写了"涵盖身故、全残保障，附加重大疾病险"，但模型有时会自行补充一句 "还包含住院津贴保障`——这个内容根本不在检索到的文档里，纯粹是模型自己编的。在金融场景下，这种幻觉可能导致严重的合规风险。这也是我在训练营里反复提醒的: 幻觉不是小概率事件，而是 LLM 的天性，必须主动压制。
agent_img_002_009_cd3df81953ab	2	RAG	| 一、记忆模块在 RAG 里到底扮演什么角色? 很多人把"记忆”简单理解为"把对话历史塞进 Prompt"，这只是最初级的做法。 一个完整的记忆模块，本质上是 RAG 系统的第二个检索源。| 第一个检索源是知识库 (静态的、所有用户共享的)，第二个检索源是记忆库 (动态的、跟特定用户/会话绑定的)。 引入记忆模块后，系统的数据流变成了这样: 用户查询进来一同时从知识库检索静态知识、从记忆库检索历史上下文一融合两路信息一 LLM 生成回答一新一轮对话写入记忆库。 这个循环让系统具备了"越聊越介你"的能万。客服场景里，系统记住了用户之前提过的保单信息， 就不用让用户每次都重复报保单号;个人助理场景里，系统记住了用户的饮食偏好，推荐餐厅时就能自动避开不合适的。
agent_img_002_010_94911bd17c4e	2	RAG	| “HyDE® 感觉比较费万" 这位朋友说的没错，HyDE 确实有成本。 回顾一下 HyDE 的思路: 让 LLM 先根据 query 生成一个"假设的理想回答"，再用这个回答的 Embedding 去检索，而不是直接用 query 的 Embedding。好处是假设文档比短 query 语义更丰富，检索效果更好。 但代价也很明显: 每次检索前要多一次 LLM 调用。 这意味着额外的延迟 〈几百毫秒到几秒) 和额外的 API 费用。对于响应速度敏感的在线场景，这个代价可能不划算。 我的建议是: HyDE 不是默认开启的功能，而是针对特定场景的增强策略。 什么时候用 HyDE? 当你的 query 特别短、特别模糊，直接检索效果很差的时候。比如用户只输入了"退保"两个字，向量检索不知道他想问退保流程、退保费用还是退保条件，召回一堆不相关内容。这时候让 LLM 先生成一段关于人退保的完整回答，再用这段回答去检索，效果会好很多。 什么时候不用?”当 query 本身已经足够清晰完整 (比如"2024年车险理赔需要提交哪些材料")，直接检索就能命中，没必要多花一次 LLM 调用。 工程上的做
agent_img_002_011_06e3063fd73c	2	RAG	| 面试怎么答 RAG 权限管理? 面试官问到 RAG 权限管理，一般考察的是两个层次的认知: 第一，你知不知道问题的严重性; 第二，你有没有系统性的解决方案。 第一层，说清楚问题: 向量数据库默认没有行级权限，不做处理上所有用户看到所有数据。在银行、 医疗、政府等场景这是合规红线。 第二层，说三层架构: 接入层做身份认证，JWT Token 携带权限上下文; 检索层在向量数据库的 search() 里通过 expr 或 partition_names 做权限过滤; 返回层对结果做二次验证。 第三层，说两种 Milvus 方案的区别 : 元数据过滤是逻辑隔离，灵活但依赖代码正确性; 分区隔离是物理隔离，安全但分区数量有上限 (4096)，适合按大区隔离再用元数据做细粒度过滤。 第四层，说踩过的坑: 搜完再过滤会导致召回率低，正确做法是搜索时就带 expr 过滤; 分区数量有上限，大型机构要注意; 权限查询要缓存在 Token 里避免延迟。 SHAE, MAM: 关系型数据库用 RLS 做行级安全; 完整的安全审计日志和异常检测机制。 能说出前三层，基本通过; 说出第四层，面试官会觉得你
agent_img_002_012_6947aa966103	2	RAG	| 三屋权限控制架构一 — o RAGRA= Wi mF MEY (Pwrrotennamemeratian [>| © ancateniit RE: 向量数据库过滤 | RY | 局 wivus元数据过滤(expr条件) = > 目目分区物理隔 i 返回层: 二次验证请求 RAG系统三层权限控制以构
agent_img_002_013_046fc4a9b9b8	2	RAG	在 100 token 的基础上，我还加了一个优化: 基于句子边界的智能 overlap, 固定 overlap 有个问题: 可能恰好切在句子中间，上一个 chunk 的最后一段话只保留了半句。智能 overlap 在确定重晋区域后，向后扫摘到最近的句子结尾才真正规上断。 效果: 避免了 87% 的"句子在 overlap 区域被截断" 问题，召回率从 0.89 进一步提升到 0.91。 RAG Chunk 切分方案演进 V1 固定长度切分 Recall@5: 0.67 关键改进: 512 token固定截断 +24% 提升 © D 文档层级识别 + @ 表格表头保留 V2 句子级切分 + @ 列表前导句不丢句子边界不截断 * @ 100 token智能Overlap V3 语义感知切分 Recall@5: 0.91 结构识别+智能Overlap RAG 三代切分方案召回率对比
agent_img_002_014_997cdfa9a54b	2	RAG	|四、相似度阔值过滤: PRB 有了 Reranker 之后，还有一个常被忽略的细节: BBW. Reranker 给每条文档打了一个 0-1 的相关性分数，并按分数取 Top-K。但如果所有候选文档的相关性分数都很低，即使取了 Top-5，这 5 条文档也可能是噪声。此时强行把它们送给 LLM, LLM 会基于这些低质量的上下文生成回答，结果往往是幻觉。 正确的做法是在 Reranker 打分之后，再设一个绝对靖值 (比如 0.5)。低于靖值的文档直接丢 F, BU Top-K 里最终只剩 1 条甚至 0 条，也不要凌数仍加低质量文档。如果所有文档都低于闪值，应当直接告诉用户"在知识库中未找到相关内容"，而不是让 LLM 瞎编一个答案。 TRB, XH RAG 系统工程实践中非常重要的一个原则。
agent_img_002_015_f700f7babd51	2	RAG	阔值如何标定雹不建议直接拍脑袋设 0.5。正确的做法是用已标注的问答对做离线实验: 准备一批有标准答案的问题，以及人工标注的相关/不相关文要，然后遍历不同的靖值 (比如 0.3 到 0.8 步长 0.05)，计算每个阀值下的 Precision 和 Recall，找到 F1 分数最高的冰值点作为线上使用的闪值。我们训练萤的保险项目通过这种方式找到的最优靖值是 0.52，在此赋值下 F1 从 0.74 提升到了 0.81。 1.0 1王F1最大值 0.81 0.8 * 0.6 ; = Precision = == Recall Bre | ASB: 0.52 —— FI 二 0.4 1 0.2 0.0 0.3 0.4 0.5 0.6 0.7 0.8 AAD 配图2
agent_img_002_016_99f8be553c37	2	RAG	值得一提的是，混合检索的前沿方向正在朝着更深层次的融合发展。SPLADE (SParse Lexical AnD Expansion) 是一类稀疏向量模型，它把 BM25 的精确匹配能万和向量的语义泛化能万结合到一个模型里。 SPLADE 的输出是一个高维稀朴向量 (维度等于词汇表大小)，每个维度对应一个词的权重， 但这个权重是通过神经网络学到的，不是简单的词频。这样既保留了精确匹配的能万，又通过神经网络实现了同义词扩展。 在我们项目的初步测试中，SPLADE + 向量检索的组合，在不需要独立维护 BM25 索引的情况 F, Recall@5 达到 0.87，接近 BM25+向量 RRF 的 0.89，工程复杂度更低。这是未来值得关注的方向，但目前中文 SPLADE 模型的成熟度还不如英文，需要根据场景谨慎评估。 各方案综合对比精确条款 Recall 语义理解 Recall 工程复杂 . 方案 @5 @5 Eg HEIR (P95) ab (A) ete 0.61 0.82 低 120ms 4H BM25 0.78 0.63 低 45ms DN MARA ( a=0. eas aga 
agent_img_002_017_644feb67b2da	2	RAG	习一页复盘; 本题核心框架 [RAG 质量治理」 框架 text A) A ART OCR) > 检索层〈召回精度) > ARE ORAZ 治理优先级: Prompt约束《〈最快) > mA GRE) > BARR Greta) 拒答核心: FEA BE + 引用才盖率双重判断，话术设计保用户体验更新同步增量索引 + 版本管理 + 缓存分层失效，三件事缺一个可评测闭环离线黄金集〈履盖三类题) + 在线用户信号 + BAAN
agent_img_002_018_21ba6bfa8425	2	RAG	© 面试总结回到开头踩的雷，最大的问题是把 MCP 简单理解成 【Client + Server」 的二元结构，忽略了 Host 这个角色。 面试回答这道题，第一个要氮是三层结构要说清楚: 角色层 〈Host / Client / Server)、能万层 (Tools / Resources / Prompts)、协议层 〈JSON-RPC 2.0 + stdio / Streamable HTTP)。 特别是 Host 和 Client 的区别，Host 是牡主应用本身，Client 是 Host 内部负贡和 Server 通信的模块，一个 Host 可以同时连多个 Server，这个一对多的关系是 MCP 的核心设计。 第二个容易踩的雷是把 Server 暴露的能万全归为 【工具J。Tools、Resources、Prompts 三者职贡分明，Tools 有副作用、改变外部状态，Resources 是只读数据、没有副作用，Prompts 是提示词模板。面试时说清楚三者的区别，尤其是 Tools 和 Resources 的本质差异〈有无副作用)，会让面试官觉得你真正理解了 MCP 的
agent_img_002_019_6a3f08dd5a27	2	RAG	° 口& & 一“ [| 角色层 Host Client Server 谁在通信核心概念: 角色定位、会话、权限边界 4 大 | @ SS 能万层 Tools Resources Prompts 三层独立演进暴露什么能万一 see 核心概念: 工具、资源、提示词、发现与描述解看设计 a 7 (2) stdio / a { } sail fame (y) Streamable HTTP 协议层消息怎么传核心概念: 消息格式、传输方式、流式支持、错误处理 ”MCP 不是一个东西，是三层职责明确的组合
agent_img_002_020_2223a2a396de	2	RAG	MCP的两种通信方式 stdio (本地) Streamable HTTP (远程) Host (本地) Host 进程 Host (Claude Desktop) (Claude Desktop) | 派生 HTTP 连接 MCP Server 子进程 (本地工具) - = 远程服务器 / 云端 MCP Server | stdin +> __— stdout (远程服务) CE 管道通信 Ge) © 延迟低、无网络、无端口 © BMS. FS Client 共享 @ 适合本地工具 @ serverless 友好适合的场景 “a stdio (本地) Streamable HTTP (远程) Ay tA0R. wisxexe TA pid 团队共用服务、跨机器访问开发调试、低延迟场景生产环境、云端部署
agent_img_002_021_9b3378ea7e27	2	RAG	| 为什么需要专门的向量数据库? 理解了向量数据库是干什么的，接下来自然会问: 为什么不直接在 MySQL或者 ES 里存向量， 非要引入一个新的数据库? 普通的关系型数据库 (MySQL. PostgreSQL) 在存储结构化数据时靠B tree 索引，查询 WHERE id = 123 这种精确匹配效率极高。但向量检索要做的事完全不同——不是找 「等于| 的，而是找 [最相近的，没有精确匹配，只有相似度排序。 高维向量〈比如 1024 维) 的相似度搜索如果暴万遍历，把查询向量和库里每“-条向量都算遍余弱相似度，百万条数据就要算“百万次，延迟完全不可接受。 那为什么不用 B-tree AINE? 因为 B-tree 只能处理“维的有序索引，对高维向量这种 「多个维度同时要考虑距离) 的场景基本是失效的。你不可能对“个 1024 维的向量建一个 B-tree，然后说 「帮有我找和它最近的|，因为「近| 本身是一个高维空间的综合判断，不是某一个维度上的排序。 一维有序数据年龄) 高维向量空间 (1024 维) 查询: 年龄 = 25 查询: 哪个向量高查询向量最近? B-tree X3
agent_img_002_022_14f94fda7909	2	RAG	回量数据库的索引 Index (索引) 是册量检索的关键加速结构。最单用的是 HNSW (Hierarchical Navigable Small World，分层可导航小世界图)，一种图结构索引。它的核心思想是: 把同量组织成多层图，查询时从稀芷的顶层开始，快速定位到大臻区域，再逐层细化找到最近邻，整体复杂度接近 O(log N)。 HNSW 有两个关键参数，用社交网络来类比很好理解: eM 是 [每个节避最多认识几个邻居」，M 越大，图越密，找到最近邻的精度越高，但建索引的内人存和时间都越多，通营设 16 ~ 32 ES. ef _construction 是 |建图时每个蔬点考察多少候选上|，越大走精确，但建索引越慢，通常设 100 ~ 200,。 查询时还有一个参数 ef (也叫 search_ef ) : 得询时搜索的候选集大小，趣大召回越准， 延迟也走高，按实际需求在 50 ~ 200 之间调。可以理解为 [查询时多看几个候选再决定最终 S|, ef 小查得快但可能漏折真正最近的那个，ef 大得得慢但结果更准。
agent_img_002_023_94234dd7d215	2	RAG	IVF (Inverted File Index) 是男一种思路，它先对向量做聚类，把相似的向量分进同一个 Ai) 里，碍询时只搜最相关的几个桶，而不是全量遍历。这束像图书馆的分类体系: 找一本编程书，不需要把整个图书馆翻一遍，先找到 「计算机科学」 那个区域，再在里面找，范围大幅缩小。 IVF 的优点是内存占用小、适合超大规模; 缺点是精度比 HNSW 略低，需要调参 〈聚类数量 nlist、搜索桶数量 nprobe)。Milvus 在超大规模场景下会用IVF 系列索引。 IVF 桶结构 (倒排文件) /. ® ° i. 9 + a oN a i @ Broa e @ E | @ @ 7 @ @ 5 e @ | eee (质心) Ne fe) . ; NU an VA a 一 Ba) VA ° we 桶1 桶 2 \ 3 ‘ 桶4 ‘Z y= ON (Cain * aN CO) 选中的桶 = ~ 7 e°? 4 e) ye = . . /e © am a (nprobe=3)。 < 汉 NA。 跳过的桶桶5 M6 A/S 桶8 SS ve e 查询向量 @ 查询向量只与 © 选择距离
agent_img_002_024_e00ff7ab6236	2	RAG	| 数据规模和实测性能搞懂了概念，现在来看实际的数据。我们知识库大概有 150 万条 chunk，每条用 BGE-large- zh 模型生成 1024 维的向量，索引用 HNSW (M=16, ef construction=128)。 先算一下原始数据的内存占用: 这是纯向量部分。实际 Milvus 进程完整跑起来大概要 10 ~ 12GB 内存，多出来的4~ 6GB 不是"索引翻倍"的神秘开销，而是 HNSW 图结构本身、metadata、Collection 管理开销、操作系统缓存这些合起来的占用。你可能会想，12GB 内存而已，现在随便一台服务器都有 32GB，有什么好担心 AN? 但别筷了这只是向量数据本身，同一台机器上还跑着应用服务、Redis、日志收集等各种组件，内存是要抢着用的。 a bi 解: 就像把精确到小数点后 7 位的数字保留到小数点后 2 位，大部分语义信息其实在高位，截掉低位精度损失极小，但数据量直接缩到 1/4。内存从 10GB 降到约 3GB，召回率基本无损 (通常只下降 1 个百分点以内)，是最划算的一个优化，几乎没有代价。 SQ8 量化效果对比图 
agent_img_002_025_f5c936ace146	2	RAG	HNSW 第2层 (BRI) 错误理解 (X ) 7 入D点entry point 当前县最近节点 |，同层贪心搜索: 高层先找 top-N， O a (局部最优) 只要某个邻居更接近 q， | 每个都向下搜。 we ~>@)-.._ J 就中过去; 直到找不到 O x Fg ~~ ie 28 --._.@ 更近邻居为止。 SS enema ee ee 56 @:- 仅把当前最佳节上 Lg de ws 带到下一层 ON [18 这一层仍然不是把 ERE A : TOPS Me; = “On, srannatie, | SESRARI* \ oes a " | \ V ith Qc @ |! | 而是只保留当前层 4 ‘, 继续只下降 O \| 第0层 (最密集) 这1个入口节点上 ‘ -人心一一 3¢—@a—@.- ¥ sa 6... OR ES Oy mou | S885 bP OPFOR AAT) area, | | Wee! O77 \ | SK; © ] Megs I Nop ane 人 70 搜索范围更广， SS Vaca OS O-0-6 0 | see a. ~人----
agent_img_002_026_f9760a189147	2	RAG	瓶颈二: iS SAR Segment AFH, Agta 内存问题解决了，又来了新问题。每天知识库有增量更新，一次性写入几十万条新数据时， its. 一是时间上错峰，把批量写入改到业务低峰期 (比如凌晨)，避开查询高峰， LE Segment 合并在用户不活跃时静默完成。二是量上化整为矢，把每批写入量控制在 500 ~ 1000 条以内，分成多批写，每批之间间隔几秒。这样 Segment 合并的冲击变成多次小冲击， 而不是一次大冲击，每次合并规模小、耗时得，查询服务基本感知不到持动。 写入抖动优化示意图 「大批量一次写入1 [小批量分散写入1、 300ms+、 合并触发 — 同一时间段多个小尖刺 (持续几分钟) 用户几乎无感严重影响用户 8oms “90ms “85ms 60ms 60ms 优化解法示例 * OSD eae ¢ () GD 错峰到凌晨 SSIS) © Sit 500-1000 s + Mia
agent_img_002_027_e76d357cd694	2	RAG	瓶颈一：内存不足，查询延迟飙升最开始没有开量化，机器只有8GB内存，Milvus把向量索引加载进内存之后，留给操作系统的空间已经很小了，稍微有点内存压万就开始频繁swap（把内存数据换到磁盘），查询延迟直接从20ms飙到2S+0很多人以为查询慢是索引算法的问题，其实根本不是，是内存不够被操作系统强行swap了。就像你开一个很大的Excel文件，内存不够就开始疯狂读硬盘，卡得怀疑人生。
agent_img_002_028_b64d5058598d	2	RAG	第一个是 Metadata 过滤，也叫混合检索。实际业务里，知识库往往有多个部门、多个产品线的文档，用户查的时候只想搜 |技术部的文档或者【2024 年更新的内容J]。向量数据库支持给每个向量挂上 metadata 字段，检索时加过滤条件，只在符合条件的子集里做ANN 搜索。你可能会想，为什么不先ANN 搜完再过滤? 因为那样可能搜出来的 Top-K 结果大部分都不满足条件，白白浪费了检索名额。先过滤再 ANN 搜索，能保证召回的每一条都是真正想要的。 Vector Database 和 ANN 搜索铬|比 | 后过滤 (错误做法) — x |e= Sl) 2, (oe sy. (oe ae fre ( x ae ae z= 查询 Oo o ] department= = 只 (Qi 又又过滤可能剩下只有 3 条 | 数据集 (Dataset) 未满足条件 (浪费了 17 个名客)。 召回了大量不相关的结果，效率低下先过滤 (推荐做法) Cm) Gaz) ae ot GHD Ba) ANN = Ga) ma . 和王子一区 = = 每条结果都可用查询先按 metadata Ss (Qu
agent_img_002_029_b54e7ba8ca9a	2	RAG	如何评估 Embedding 模型? 这里有一个常见的误区: 很多人拿 MTEB 这类通用排行榜的分数来选模型，觉得分数高就一定好。MTEB 是一个权威的文本 Embedding 通用排行榜，用多种标准数据集评测模型的语义搜索能万，是好的参考。但它用的是通用数据集，你的业务场景〈比如医疗问诊、法律文档、客服知识库) 和通用数据分布差异很大，排行榜第一的模型不一定适合你。就好比高考状元不一定擅长你那个行业的专业考试，测评的数据分布不对，分数就没有参考意义。 正确的评估方法是在自己的业务数据上测: 准备几百条业务相关的 【问题 + 正确答案 chunk | 对，分别用候选模型做检索，看正确的 chunk 有没有出现在前人条结果里。这个指标叫 Hit@K, Hit@5=O0.8 的意思就是，80% 的问题，它对应的答案都出现在了检索结果的前5 条 EA, JAS Hit@5 低于 0.7 就要考虑换模型或者改进 Chunking 策略了。这种贴近真实场景的评估，比排行榜分数更有参考价值。 把第见的选型维度汇总对比一下: 模型维度中文效果 “是否开源 ”适用场景 text-embedding-
agent_img_002_030_7d149ed57d08	2	RAG	常见Embedding 模型对比理解了 Embedding 的原理，接下来就是选模型了。目前主流的选择大概分三类。 e 第一类是 OpenAI 的 text-embedding 系列， text-embedding-3-small 是性价比最高的， 1536 维，支持降维到 256 维来节省存储，调用方便，英文效果非常好; 缺点是API 调用有费用，而且数据要发到 OpenAI 服务器，有些企业有数据出境合规问题。 e 第二类是 BGE 系列 (北京智源研究院出品)，这是目前中文 RAG 场景的首选开源模型， bg e-large-zh 在中文语义检索上的效果甚至超过 OpenAl 的模型，1024 维，可以本地部署， 数据不出境。如果你的知识库主要是中文内容，BGE 几乎是最优解。 © 第三类是多语言模型，比如 bge-m3，同时文持中更日等多种语言，向量维度 1024，适合知识库里中英文混排的场景。
agent_img_002_031_6f0b11003f01	2	RAG	? fH 24 第一代是静态词癌量，以 Word2Vec 和 GloVe 为代表，把每个词映射成固定向量，但同一个词不管上下文是什么，向量永远不变，处理不了多义词。 第二代是以BERT 为代表的上下文相关向量，同一个词在不同语境下有不同的向量，表达能万大幅提升，但 BERT 本身输出的是 token 级别的向量，两个句子要比较相似度就必须拼在一起跑，百万条文档就要跑百万次，检索速度完全不可接受。
agent_img_002_032_4819f89e3efc	2	RAG	| 为什么端到端指标不够用先把一个常见错误拆掉: 很多人做 RAG 评估只看最终答案对不对——把模型回答和标准答案一比，对了就算对。这叫端到端评估，看起来简单直观，但有一个致命问题: 出了问题你定位不 Ty. 假设你的系统答案准确率从 85% 掉到 72% 了。问题出在哪?》有三种可能: 第一种，检索出了问题。向量召回的文档不相关，模型拿着错误的文档当然答不对。这种情况要去优化 Embedding 模型或者调整检索策略。 第二种，检索没问题，生成出了问题。文档召回是对的，但模型生成答案时引入了幻觉——它没有忠实地使用检索到的文档，而是夹杂了自己的"知识"。这种情况要去优化 Prompt 或者加更强的忠实度约束。 第三种，检索和生成都没问题，是测试集的标注有问题。标准答案本身不够准确或不够完整，导致正确的回答被判为错误。 三种原因的修复方向完全不同。如果你只有一个端到端数字，你看不出来问题出在哪一段—— 只能一个个 case 去人工排查。当 badcase 有几十上百条的时候，这种排查方式根本不可行。 正确的做法是: 检索阶段单独评，生成阶段单独评，最后再看端到端。 RAG 两阶段分治评
agent_img_002_033_cd1a0caf748a	2	RAG	再说具体指标 (1分钟) : "检索阶段我们主要看四个指标: Recall@5 衡量有没有找回来，Precision@5 衡量找回来的有没有用，MRR 衡量排序质量，宛余率衡量信息重复度。生成阶段看三个: 答案准确率、忠实度 ——也就是有没有幻觉、答案完整性。在我们的金融保险项目里，Recall@5 从 67% 优化到 89%，忠实度从 71% 到 92%, " 最后说测试集构建 (30秒) : "测试集 200+ 条，五类问题均匀分布。每条标注三样东西: 标准答案、标准证据片段、问题类型。构建方式是 LLM 自动生成 70% + 人工审核 + 专家手动补充 30% 的高难度题。知识库更新时测试集同步更新。日常和迭代用 RAGAS 自动评估，版本发布前用自建测试集 + 人工抽检。" 今天这道题，只是大模型面试中 RAG 工程化的一个切面。 真正的面试官不会只问这一问。他们会顺着你的回答追下去，追到你答不上来为止——判断的就是你到底做没做过这个系统。 背答案的人和真正做过的人，说话方式完全不一样。前者说"我们做了评估"，后者说"我们的测试集 200 条，五类问题均匀分布，Recall@5
agent_img_002_034_dc0373ea17a7	2	RAG	=, 如何给动态 RAG 数据质量“打分一? 在训练营项目里，我们最终落地的是一个5 维综合评分体系: ee P = 可解析性 D = 去重质量 R = 相关性 C = 切片质量 F = 时效性即便只是粗评，也能做到:。 哪天怜虫异常。 哪天数据结构变了。 哪天切片失败。 哪天抓取大规模重复。 哪天时效性下降都会自动报警。
agent_img_004_001_c7a560785213	4	Text2SQL	3 .执行前校验; - 是 SELECT V - RRM V - 无危险关键字 V - 自动加 LIMIT 100 V > 通过，执行 4. 执行结果: 1234万〈100行) 5. 执行后校验: - 非空 V - 数值范围 V (1.234亿 < 10亿) - 关键实体缺失: 结果里没"华东区"” X - 历史对比: 1234万 > 历史华东区平均100万的5倍 X > 校验失败，返回: "结果显示全国销售额1234万，但您问华东区，是和否要加地区过滤? "
agent_img_005_001_bad29a1acc99	5	微调	一个典型的Agent 轨迹 (搜索比特币价格) : text (io 用户问题: 今天比特币价格多少? Agent 84: 需要查实时价格 J Action: 调用搜索工具 <tool_call>{"search": "比特币实时价格"}</tool_cal1> <observation> #《 这部分是工具返回的搜索结果，外部输入比特币当前价格: $69 ,420.50，24小时涨幅+3 .2%，成交量12 .4亿美元。 Ki: CoinMarketCap，更新时间: 2026-03-31 10:00 </observation> Agent 4%: 找到了价格信息，可以回答了册 Final Answer: 今天比特币价格是 $69 ,420.50，24小时涨幅3 . 2%
agent_img_005_002_2a1ff9be530f	5	微调	、 造流程 SFT 训练数据构造流程 bine hte 3 略轨迹筛选70%、 种子数据扩充后最终训练集 200条 fF 12008 Fy wales ES 840% ( .， @ 问题改写 x1.5 as V3 格式标准化 Thought Acti SFT微调 cans | SRS。 Haim as Raunt ction Fox
agent_img_005_003_90624dde4170	5	微调	| 微调完成后: 怎么知道这 23 个百分点是真实的? SFT 做完，皇么验证提升是真实的”这是很多人忽视的步又，也是面试官经党追问的地方。 评估的核心原则是测试集和训练集不能有重奸，测试场景要履导圳练里没见过的分布。 我们构建的测试集有三层: 层 1: 标准测试集 (100 条)。从种子数据里留出来的，没有参与训练。这一层测的是基础能万，主要验证微调没有毅掉基础。 层 2: 分布外测试 (50 条)。履兰训练数据里没有或者很少的场景——比如需要 4 个以上工具协同调用的复杂任务，或者工具返回了错误时的处理。这一层测的是泛化能万。 层 3: 对抗测试 (30 条)。故意构造一些`看起来应该调工具但其实不应该"的问题，测试模型有没有被过拟合到"有问题融调工具"的模式里。比如"2 加 2 等于多少"——正确答案是直接回答 4，而不是调用 Python 工具去计算。
agent_img_005_004_0f915a300596	5	微调	测试维度不只看"工具调用准确率"，还要看:。工具选择准确率 : 是否选了正确的工具。参数格式准确率 : 工具名选对了，但参数格式写错了的比例。调用顺序准确率 : 多工具任务里，顺序是否合理 (不该先计算就先搜索。遗忘率 : 微调后在非工具调用任务 (普通问答) 上的表现有没有明显下降最后这一项很重要。SFT 有"遗忘"风险: 专项微调做得太猛，模型会在专项任务上提升，但在其他任务上变差。控制遗忘的方法是在训练数据里混入 30% 的通用指令数据——不能全是工具调用样本，否则模型会"忘记"怎么做普通问答。这个数字 (30%) 是实验出来的，不是拍脑袋定的。 在我们的测试里，FC-SFT 5000 样本 (我们做了更多轮迭代)，工具调用准确率最终从 71% 提升到 94%，普通问答任务的退化在统计上不显著 (MMLU 下降 0.3%，在误差范围内)。
agent_img_005_005_1e3f27dfddbc	5	微调	第一个是 SFT，就是给模型喂大量 [包含工具调用的完整对话样本|，每条样本覆盖工具定义、用户问题、模型应该输出的结构化 JSON 调用、工具执行结果、最终答案，让模型通过模仿学会整套流程。但光有 SFT 不够，模型可能学得过沿，遇到什么问题都想调工具。 第二个阶段是 RLHF，通过人类标注【哪种回答更好」 来训练奖励模型，再用强化学习调整主 RY, Thera 【能直接回答的就直接回答，需要实时数据才去调工具」 这个边界感。
agent_img_005_006_82adbd19533c	5	微调	人工标注模型自动生成 (蒸馏) ao 人工标注员 GF} GPT-4 等强模型 Sr 逐条手写批量生成 Vv Vv een SDE) 批量生成对话样本 =p 逐条标注对话样本 ee w v 质量高但量小人工抽查过滤 (UFR) 去重 / 去噪 / 质检 J v S|。 用于规模化训练 ©} 用于核心种子数据 wa (AMEE) (高质量基准) Eee | A 幻觉传递风险: 上游错一个、下游学一个喇了现在业界常用组合: 全 ” ”少量人工保质量 + 大量蒸馏保规模
agent_img_005_007_16a0017a3bf3	5	微调	训练数据的多样性直接决定了 Function Call 能万的上限，不能只有 IER VA—S LA) 这一种情况。 单工具调用多工具并行调用工具调用不需要工具多轮对话 (基础款) 失败重试直接回答中的调用天气怎么样? 帮我查天气、新闻和汇率查询航班号CA1234 1+1等于几? eae AAP: 我在北京 | 中 BHF: 好的 4 © 接口超时/报错 ° 一 CF CF 4 无需调用工具那明天天气呢? 天气工具天气， 新闻 | OLE a anne 直接回答 | CF FAIR 缺这个会在缺这个会在缺这个会在缺这个会让模型缺这个会在简单场景翻车复杂需求漏调遇错崩溃乱调工具上下文中迷路
agent_img_005_008_8e11e3ef39a2	5	微调	SFT 解决的是 「会不会」 的问题，RLHF 解决的是 DRAMA) 的问题。 只有SFT 而没有RLHF 的模型，可能遇到什么问题都冲动地调工具; 反过来，只有 RLHF 而没有 SFT，模型连工具调用的格式都输不出来，奖励信号根本没地方发万。 两个阶段配合起来，才能训练出【知道怎么调、也知道什么时候该调」 的工具使用能万。 只有 SFT SFT + RLHF | 141=? 1+1=2 我查一下计算器 _ 我自己可以直接算出 Seen —— Ere [会不会」， w sees 要一 V) RLHF 教会输出 (JSON) 该不该」， 输出 (JSON) { = “action": "calculator", 缺 AY ea "answer", input : “1+1", "answer": 2 "result": 2 } GO GO 会输出规范 JSJON，但过度调用工具既保留 JSON 能万，又有边界感 @ SFT “ RLHF ha 像教新员工流程 aia 像老板教他判断万 2 a 教会他怎么做教会他什么时候该做，什么时候不该做
agent_img_006_001_8ddd31f50291	6	Planning	7x. 4: CoT + Plan-Execute = Function Call 的“操作系 ae 一句话总结: 没有 CoT，模型不知道怎么拆任务; 没有 Plan-Execute，任务拆对了也跑不稳。 1. CoT 让模型“讲清楚任务” 2、Plan 让模型“按顺序做任务” 3、Execute 让模型“逐步执行工具” 4、Observe 让模型“看到 API 结果” 5、Reflection 让模型“自己修正错误” 这套闭环，就是现实世界 Agent 系统的“操作系统”。 在吴师兄大模型训练谊的 Agent 项目里，这套体系是强制要求写在系统 prompt、执行链路里的，因为: 这套方法，不是为了炫酷，而是为了能稳定跑。
agent_img_006_002_78fd05498fa5	6	Planning	Module Generated Text Provided Text Context Ex P Ex. Sol v Problem (P) Problem (P) 上 > Plan 上 > Plan Domain ILM Domain CLM LLM-As-Planner LLM-As-Planner (In-context Learning) Context) Ex. P & Ex. PDDL Domain PDDL CS; < -和 pi Problem (P) —> +中4 an LLM Planner LLM Problem PDDL PDDL Plan LLM + P (In-context Learning)
agent_img_007_001_e34249d9df55	7	提示词	二。第二大核心:Prompt 上玉文没有约束好很多人写 Agent 的 System Prompt 是这样的: “你是一个智能旅行助手，你可以使用以下工具.……请正确调用工具。 " 非常常见，但问题也非常致命:。 没告诉模型什么时候必须调用工具。 没告诉模型什么时候不能调用工具。 没要求模型必须先思考再调用。 没明确参数必须 JSON 格式且严格遵守 Schema。 没告诉它错误时要反思和修正简而言之: 模型不知道该怎么做决定，也不知道自己的决策怎么被评价。
agent_img_008_001_28c3e7496fff	8	容错 / 权限	这是很多人做 Agent 项目时会忽略的地方 : 容错不是 try/except，容错是让模型感知到失败，然后做出正确的决策。
agent_img_009_001_e84966ff036b	9	杂项	苹略组合与比较一个典型的高质量文本生成流水线是这样的: 不符合规则，重新抽签 1调味" mm a 4."质检” 用温度调整原始的概率分布 -P或Tes-K过渡大量不 ote 拒绝采样的规则来对选出的低温-严谱 ; 高温-创造性 OP ase Bin iF — iets 词进行最后的审查
agent_img_009_002_7af3c22a8eaf	9	杂项	接下来，我们用LLaMA-6B 模型为例估算其大致需要的内存。 首先考虑精度对所需内人存的影响 :。 fp32 精度，一个参数需要 32 bits, 4 bytes.。 fp16 精度，一个参数需要 16 bits, 2 bytes. e inti 精度，一个参数需要 8 bits, 1 byte. 其次，考虑模型需要的 RAM 大致分三个部分:。 梯度 e 模型参数: 等于参数量*每个参数所需内存。 对于fp32，LLaMA-6B 需要 6B*4 bytes = 24GBAN 对于 int8, LLaMA-6B 需要 6B*1 byte = 6GB。 梯度: 同上，等于参数量*每个梯度参数所需内人存。 e 优化器参数: 不同的优化器所储仓的参数量不同。 对于单用的 AdamW 来说，需要储存两倍的模型参数 (用来储存一阶和二阶momentum)。 e fp32 AY LLaMA-6B, AdamW 需要 6B*8 bytes = 48 GB e int8 AY LLaMA-6B, AdamW 需要 6B*2 bytes = 12 GB 除此之外，CUDA kernel 也会占据一些 
agent_img_009_003_61e2922ef802	9	杂项	3.2.2 Map-Reduce长上下文处理智能CR推进落地过程中，出现了因为大MR或大规则集导致模型注意万不集中引起漏召甚至超出模型上下文窗口的问题，我们采用类似于Map-Reduce的分布式处理逻辑，将长上下文问题分解为拆分一处理一合并三个阶段。 MAP阶段 (拆分) PROCESS阶段 (处理) REDUCE阶段 (合并) 文件级分组上下文融合评论分类按文件路径分组，每个文件独立处理将拆分块上下文与原始上下文合并按类型分类 (安全性、性能、代码质量) 功能块识别评论生成相似度计算 AST解析，识别相关的函数、类、模块等逻辑单元规则引擎与大型语言模型(LLM)联合生成向量化，余弦相似度一> 一依赖分析中间结果聚类与合并 PNRM, Rae 每个分块的评论集合将相似评论归类，合并重复评论优先级排序按严重程度、价值密度排序
agent_img_009_004_7a49da56130f	9	杂项	° . 6 ” Z = 66 * ” Self-Evolving: “内外”双路径驱动的“目进化 Hermes Agent之所以可以做到“自进化”，最主要就是依赖于两条路径: 一是日常的自动skil生成 (Skill Generation)，可以快速、轻量、即时生效; 至是可以手动触发的RE训练(Reinforcement Learning)，从更深度、根本上改变模型本身的能万。这两种路径共同构成了Hermes Agent的“内外”双轮驱动的“自进化闭环”。 路径一: 自动Skill生成 (日常运行时) ag Meets 二生效速度: 即时 + 改变什么: Agent. Fs 1D) 10 轮对话自动触发 (下一轮对话就能用) ”下文知识 (SNE)，不改模型路径二: RL训练〈需手动触发) < 质量 => GRPO <i} & Pl MAB: 用户通过 =) 生效速度: 慢改变什么: 模型本身的 rl cli.py 手动发起 =Y (训练需要数小时) lem ee (内在能万) |
agent_img_009_005_9da3fe710b2a	9	杂项	那么，Hermes 是如何解决这个“重复踩坑”的问题的呢? 其实，也没多复杂，引入了一种动态的Skill沉演机制。在每次完成复杂任务，尤其是那些经历了曲折路径或人工干预的任务后，Hermes不会简单地丢弃对话历史，而是会司动一个“复盘”流程。它会回过头来审视整个执行轨迹，提取其中的关键步骤，特别是那些“踩过的志”、有效的纠错手段以及人工验证过的最佳实践。了随后，系统将这套经验总结、抽象为一个结构化的Skill技能文件包。这惑带来了一个根本性的转变: Skill从“静态调用”变成了“动态生成”。 虽然 OpenClaw, Claude Code 也支持 Skill 机制，但其 Skill 本质上还是静态的，通党是由用户或者开发者预先编写好，或者从官方/第三方Skill库中下载安装。这更像是一种传统的“APP 软件”模式: 你需要先帮布、安装，才能运行。一旦安装完成，除非人为更新，否则它不会变化。当然，会有人说，你可以人为要求 OpenClaw 或者 Claude Code 在任务结束之后帮你生成 skill，是的，但这还不是“自进化”。 而 Hermes 将 Skill 变成了一种动态的
agent_img_009_006_406455c22467	9	杂项	触发机制在根目录下的run_agent.py中有一个“技能催促”的计数器，_iters_since_skill记录了距离上次使用skillmanage工具过了多少轮; _skill_nudge_interval = 10则表示当 Agent 连续工作了 10 轮对话都没有创建/修改扩能时，系统会“提醒”Agent“你是不是该把刚才学到的经验整理成技能了? ” 后台审查Agent 每当主 Agent 完成对用户的回复后，对于用户而言，交互似乎融此结束。但在后台，Hermes 通过_spawn_background_review会在后台异步启动一个审查 Agent。这是一个异步处理机制，系统会立即 Fork 出一个新的轻量级 Agent 实例，专门负责对刚刚结束的对话进行深度复盘。这个后台 Agent 不会干扰前台的用户体验，而是从三个维度对此次交互进行全方位审查的Prom pt:。 记忆审查 (_MEMORY_REVIEW_PROMPT) : 这段对话有什么值得记住的经验? 判断这段对话中是否列含值得长期保留的关键经验或事实，提炼初长期记忆，存入 Agent 的记忆库。 技能审查 (_S
agent_img_009_007_6d1f81043b69	9	杂项	RL训练财环: “权重内化”的终极“自进化” 虽然通过动态生成 Skill 沉淀实现的司2E进化在时效性和可解释性正表现优异 —— 毕竟明文记录的 Markdown 文件允许人工进来进行干预和纠偏，确保 Agent 不会在错误的道路上越走越远 —— 但我们儿须承认一个事实: 这并不是真正意义上的“自进化”或者“自我学习”。因为无论 Agent RAT BZ skill, 其底层的“模型权重”始终没变。它只是在不断地检索外部知识库，而非将经验内化为自身的直觉与能万。对于追求极致性能、或在特定垂直领域需要突破通用模型瓶颈的场景来说，这种基于Context Engineering的优化方式依然存在着天化板。 因此，Hermes 引入了第二条更深层、更直接的进化路径: 基于强化学习 (RL) 的模型训练闭环。如果说 Skill 生成是“记笔记”，那么 RL 训练就是“练内功”，就是在通过改变模型权重，实现真正的能万“自进化”。这个部分比较像Andrej Karpathy之前时间提出的开源项目AutoResearch[3]，可以在单GPU上做自动化的RL模型训练，但Hermes相比而言做的更加完
agent_img_009_008_71cb71df22d7	9	杂项	有 32K 窗口的轻量模型，Hermes 都能根据剩余空间的“健康度”灵活决定何时进行清理，从而更精细地平衡“信息保留”与“窗口预留”之间的关系。 然后就是裁剪，具体执行裁剪时，Hermes 采用了与 OpenClaw KU “SERB. Ale” 策略 : 1.头部保护: 保留系统指令、初始任务定义等天键引导信息。 2.尾部保护: 保留最近的几轮对话，确保短期记忆的连贯性。 3.中间讨缩: 对中间宛长的工具调用过程、推理步骤进行裁剪，并利用 LLM生成精炼的摘要 (Summary) 来蔡代原始细节。 46S Fe4a + ESV, Hermes 既避免了上下文爆炸导致的运行错误，又最大程度地保留了任务执行的关键脉络，实现了上下文管理的高效性与智能化。 还记得在self-Evolving的RL训练部分，我们还提到了轨迹压缩，这两种压缩也可以对比一下:
agent_img_009_009_fd719d4b2dcf	9	杂项	当前，大语言模型结构化输出的技术生态已日趋成熟，从最初依赖于开发者经验的Prompt引导，发展到由模型原生支持的硬性接口化能万。每种技术路径都有其独特的优势和局限性， 适用于不同的应用场景和成本考量。下表对本报告中讨论的核心技术进行了综合比较，以期为读者在技术选型时提供决策参考。
agent_img_009_010_1123d496a7e0	9	杂项	实可技术路、、 施 ”成典型应用 i 原理概述核心优势主要局限 nox SSR 度 acts) 通过Prompt提供软性指令无法保证100%的格式 @| 天和示物;引导模型生成特。 简单易用，零成本。 合规性，吻受模型随机低低 -， 导生成关键性任定格式， 性影响， 中 & cope 在生成后对输出进行语法 — 需要额外的开发和计算容错性要验证修。 和内容验证，并进行修。 提供了,事后"保障，提。。 开销，无法解决根本问中中中， 求高的生复框架高了可靠性。 正。 题。 产环境在模型逐令牌生成时，通。。 100%保证语法合规中高精度数色天和过外部语法规则进行硬性性，从根本上解决非确 «= SERS: NRSRR mM. 约束。 定性问题。。 高代码生成 ay 在有标签数据集上训练，。。 永久性地改变入型行。 URINARY eon crt ERESRSRSES。 | 为,无需复杂Prompt。 | 害入(站高原"现象。 ~ | 高 | 高 See 通过奖励机制对输出进行 ligt en Ce, a a ae a a eC sie | SHERe. 务，能突破SFT高原。 RMS. 高，高
agent_img_009_011_f3f3422d45ce	9	杂项	Ex 多Agent的四种编排模式顺序管道 Map-Reduce ax Fi} BRIA 适合并行任务，难点在汇总 ao: Xt ISSR" ERRE BADR 子Agent + 孙Agent 代码Agent 数据Agent 适合深层复杂任务，但要限深适合请求类型多样的系统卡码笔记: https://notes.kamacoder.com/
agent_img_009_012_b07abd5153e2	9	杂项	Q: 那具体到你们的实现里，成本主要贵在哪几个地方? A: 我们梳理下来，多 Agent 协作会暴露三类单 Agent 不会遇到的成本。 第一是交接成本。信息在 Agent 之间传递时需要重新组织。研究 Agent 收回来几十个网页，写作 Agent 可能是用不了的，每一次交接都要把信息从“上一个 Agent 能懂"翻译成“下一个 Agent 能用"”。我们的做法是让 Agent 之间通过结构化的文件和摘要来通信，而不是把所有上下文塞进一个 prompt 里。 第二是共享成本。直觉上觉得让所有 Agent 看到所有信息最安全，但每多共享一段内容，每个 Agent 每一轮都要为它付 token。我们的做法是按需加载，每个 Agent 只看到跟自己任务相关的信息摘要，需要细节的时候再去读全文。这样 Team 规模变大的时候，单个 Agent 的上下文不会 EE. 第三是聚合成本。派十个 Agent 并行查资料很容易，但把十份结果合成一份事实一致、引用准确、风格统一的交付物很难。这一步没有捷径， Leader 要人花真实的精万去合并，不是“再多派几个 Agent"能解决的。确实要承认这件事本
agent_img_009_013_79ba71d907a8	9	杂项	Q: 你刚才提到 Agent 之间可以互相通讯，这个通讯机制是怎么实现的? Agent 之间怎么知道该跟谁说话、能做什么操作? A: 我们设计这个的时候，出砾点很直接: 先看人和 Agent 是怎么协作的。用户在前端可以给 Agent 发指令、启动一个新 Agent、中止一个任务、让 Agent 总结进展——这些操作用户天天在做。我们的想法是，Agent 自己也应该有能万对另一个 Agent 做同样的事。 . Agent 间通讯设计 Agent 与人类同权用户能做的 . Agent 也能做 . Engine 也能做一三种调用方平权, 共享同一组接口,拿到同样的语义 Skill + CLI . 核心基础设施 / core infrastructure skills: mavis-commuamication ' mavis-session Mmavis-agemt © mavis-team ' Sa © 2 eee 2 eS SSS SSeS ee eseeeeeeeeeeeeneee2°22 i | PRAM IF MBA EF interface Agent - 可协作成员 - 有身
agent_img_009_014_8bd0eb29ad10	9	杂项	Q: 这个 Leader-Worker-Verifier 的分工听起来很清晰，但我有一个疑问，现在很多 Agent 框架已经支持主 Agent 把一个子任务派给另一个 Agent 去做，传个指令进去，拿到结果回来，这不也是一种拆分吗?你们的 Agent Team 和这种做法有什么本质区别? A: 你说的这种机制确实很常见，一般叫 Task 派发，主 Agent 调用一个工具，把一段指令发给子 Agent，子 Agent 跑完把结果返回来，交互就结束了。适合快速搜个文件、归纳一段材料、生成候选答案这种短任务。 戎iT可以后续下动的团隐明打个比方: Task 派发像发一封邮件等回复，Agent Team 像开了一个持续在线的工作群。Worker 做完了可以继续接新消息，做到一半卡住了会被友现，Leader 随时可以补充指令，Verifier 检查出问题可以直接打回去让 Worker 改。 为了让这种持续协作稳定运行，我们底层做了一套引警来管理每个 Agent 当前处在什么阶段，在等待、在执行、在验证、还是已完成。同一个 Agent 重试的时候还能复用之前的上下文，不用从头洒叶所/可作关系不
agent_img_009_015_8caf164bbed7	9	杂项	一首字延迟到底卡在哪? RAG 的全链路可以拆成四步: 1. Embedding (OpenAl 或自建模型) 2. 向量检索 (Milvus / Chroma / Faiss / PgVector) 3. Prompt 拼装 4. 大模型生成 (LLM Completion / Streaming) 其中影响 TTFT (Time-to-First-Token) 的主要瓶颈是:。Embedding API 等待时间。 向量检索耗时。 系统缺乏并发 / 缓存换句话说，卡的并不在 LLM, Mee LLM 之前的链路。 优化 TTFT，本质就是“把 Embedding 和检索变快，把重复计算干掉，把链路做成流水
agent_img_009_016_93a7879f1211	9	杂项	3. 缓存 (Embedding Cache) ——把重复的工作彻底去掉 Embedding 最“浪费钱”的地方就是: 重复调用。 现实里你会遇到 :。 用户各种用词相近的提问。 FAQ 类问题。 编写 RAG 项目时自己不断调试。 完全哈希匹配 or 近似>阔值相似最佳策略: 把 query 一 vector 缓存在 Redis / KV 里。 缓存命中率甚至能达到 30 ~ 50%, 对于语料库 embedding，要提前离线算好，这样查询时就不需要临时生成embedding。 训练营里的实际项目中，把缓存引入后能把首字延迟直接砍掉 40% 以上。
agent_img_009_017_456194efbeca	9	杂项	2. 三层缓存体系 (Embedding / Retrieval / Answer) 这一点是很多在线 RAG 系统一定会做的: 第一层: Embedding 缓存避免重复算向量。 第二层: 检索结果缓存同样的 query，不需要每次都查向量库。 第三层: 答案缓存 (FAQ) 如果答案固定，那直接返回，甚至不需要走 RAG, 这三层缓存能把 © API 调用次数。 Milvus 查询次数。 LLM 调用次数统统减少至少 30% ~ 60%,
agent_img_009_018_674942d618e0	9	杂项	A, SB: 如何给面试官浓缩回答? 你可以总结成下面这个“面试官最爱听”的版本: "RAG 的首字延迟主要卡在 embedding 和向量检索。 embedding 方面通过批处理、异步并帮和 KV 缓存减少等待，向量检索通过 HNSW 索引、分区过滤、批量碍询缩小学围。 系统层面用全链路异步流水线，并辅以embedding / retrieval / answer 三层缓存，整体能把延迟降低几十到上百富秒。
agent_img_010_001_e39c23430755	10	Claude code	Glaudeicodesydj工具结果做两层大小控制8 先限制单个工具结果，再限制同一条消息里多个工具结果的总大小，防止上下文窗口被撑爆。 再补一句结果处理逻辑: 如果单个工具结果超出上限，系统不会把完整内容直接给模型，而是只给预览，并把完整结果持久化到磁盘， 附上文件路径供后续读取; 如果同一条消息里多个工具结果加起来超出聚合上限，就会进一步截断或替换部分结果，避免整条消息超预算。
agent_img_010_002_059f630d18fa	10	Claude code	当工具很多时，Claude Code 不会在一开始把所有工具的完整 schema 都发给模型，而是只把一部分核心工具完整加载; 对标记为 deferred 的工具，初始提示里通常只暴露“工具名 + 这是延迟加载的标记”"，不附带完整参数定义。 模型如果觉得当前任务可能需要某个 deferred 工具，并不是直接调用它，而是先调用 ToolsearchTool 做一次按需搜索。搜索时不会只靠工具名硬匹配，更重要的是利用每个工具预先写好的 searchHint 做语义匹 Be. 比如某个工具初始只暴露名字 GrepTool , 但它背后还有一个 hint: search file contents with regex (ripgrep) 当模型搜索'find text in files’ regex search in repo'这类关键词时， ToolsearchTool 就会把这个 hint 作为索引线索，匹配出 GrepTool，然后把它的完整定义返回给模型，包括 : © 工具说明。 BA schema ° 必填字段。 可选字段模型拿到这个完整 schema 后，才真正知道这个工具
agent_img_010_003_df2c941682fd	10	Claude code	searchHint 是面向工具检索的短能万标签，主要在 Toolsearch 阶段使用; description 是面向工具理解与调用的正式说明，主要在工具已加载、模型准备实际调用时使用。 再短一点: Hint ARF", description 用来“看懂它”。
agent_img_010_004_7748829a7526	10	Claude code	» 2.8 模式提炼 M Claude Code 的工具系统设计中，可以提炼出几个对 Al Agent 构建者普遍有价值的模式: 模式 1: 失败关闭的默认值。 buitLdTootL() 的默认值假设最危险的情况 〈不可并发、非只读)，工具开发者必须主动声明安全属性。这将安全从"选择加入"翻转为"选择退出"，大幅降低了遗漏导致的风险。 模式 2: 分层预算控制。 单工具结果有上限，单消息也有聚合上限。两层控制互相补充——单工具上限防止单点失控，消息上限防止并行调用的集体爆炸。 模式 3: 输入感知的属性。 isConcurrencySafe(input) 和 isReadOnly(input) 接收工具输入，而非全局判断。同一个 BashTooL，Ls 和 rm 有完全不同的安全属性。这种细粒度的输入感知是实现精确权限控制的基础。详见第4章。 模式 4: 渐进泻染。 三阶段泻染 〈意图一进度一结果) 让用户在工具执行的每个阶段都有可见性。 Partial<Input> 的设计确保即使在参数流式传输期间，UI 也不会空白。这对用户信任至天重要——用户需要知道 Agent 正在做什么，而
agent_img_010_005_772065f10bc8	10	Claude code	我看到 Claude Code 团队内部工具的这段演进时，感觉还挺有意思。像这种需要在任务中途停下来问用户的场景，他们前后试了三种做法: 第一版: 给已有工具 (如 Bash) 加一个“auestion ” 参数，让 Claude 在调用工具时顺带提问。结果 Claude 大多数时候直接忽略这个参数，继续往下跑，根本不停下来问。 第二版: BK Claude 在输出里写特定 markdown 格式，外层解析到这个格式就暂停。问题是没有强制约束，Claude 经常"忘了"按格式写，提问逻辑非常胸弱。 第三版: 做成独立的“AskUserQuestion TH. Claude 想提问就必须显式调用它，调用即暂停，没有歧义。效果显著好于前两版。 下面这张图刚好能解释，为什么第三版明显更稳: FINDING THE SWEET SPOT NO STRUCTURE TOO RIGID modified markdown AskUserQuestion ExitPlanTool output tool parameter model free but messy, structured + com
agent_img_010_006_91f3a9315fd6	10	Claude code	当前支持的 Hook 点 CW WELT = - 个 © ) /hooks Hooks 8 hooks 1. PreToolUse - Before tool execution ) 2. PostToolUse - After tool execution 3. PostToolUseFailure - After tool execution fails 4. Notification - When notifications are sent J’ 5. UserPromptSubmit - When the user submits a prompt 适合 vs 不适合放到 Hooks 的适合: 阻断修改受保护文件、Edit 后自动格式化/int/轻量校验、SessionStart 后注入动态上下文 (Git 分支、环境变量)、任务完成后推送通知。 不适合: 需要读大量上下文的复杂语义判断、长时间运行的业务流程、需要多步推理和权衡的决策，这些该在 Skill 或Subagent 里。
agent_img_010_007_6a0c1a08f3ce	10	Claude code	会话中途不要切换模型 Prompt 缓存是模型唯一的。假如你已经和 Opus 对话了 100K tokens, #8/5)/NSI5 Sa, QSSIRU SERRE Leese Opus steel s== 9 Naik eee ee 确实需要切换的话，用 Subagent 交接: Opus 准备一条"交接消息"给另一个模型，说明需要完成的任务就行。 Compaction 的实际实现 How Compaction Works with Prompt Caching BEFORE FORKED COMPACTION CALL AFTER Cet 1 1 1 System + Tools - System + Tools 1 System + Tools 1 1 1 I Full conversation assistant + tool results 1 + (all messages) _ Conversation summary user message : ; (replaces all old messages) 1 1 1 assistant + tool results 
agent_img_010_008_39a6a4c7207f	10	Claude code	这个循环对所有工具是平等的。LLM 可以在任何时候调用任何工具，甚至在一次响应中同时调多个。没有硬编码的“必须先搜再读"。与代码搜索相关的核心工具有四个: 工具底层实现作用 GrepTool ripgrep (rz ) 正则搜索文件内容 GlobTool glob 模式匹配按文件名/路径模式查找文件 FileReadTool Nodejs fs 读取指定文件的指定行范围 AgentTool 独立 LLM 对话启动子 agent 做多步探索此外还有 LSP (Language Server Protocol) 工具,用 "go to definition”, “find references” SiS 义精确的操作补充 Grep 的不足。但核心搜索架构建立在这四个工具之上。 其中 AgentTool 比较特殊: 它不是直接搜索文件，而是启动一个独立的子 agent，让子 agent 在自己的 context window 里完成一整套搜索任务，最后只把结论返回给主对话。子 agent 有多种类型，与搜索最相关的是 Explore 类型: 它只配备搜索和读取工具 (Grep、Glob、Re
agent_img_010_009_fc55588560a1	10	Claude code	2.7 延迟加载与 ToolSearch 当工具数量超过一定靖值时 《尤其是 MCP 工具大量接入后)，将所有工具的完整 schema 发送给模型会消耗大量 token. Claude Code 通过延迟加载 (Deferred Loading) 机制解决这个问题。 标记了 shouldDefer: true 的工具在初始提示中只发送工具名称 (defer_loading: true )，不发送完整的参数 schema。模型需要先调用 TooLsearchTootL 按关键词搜索并获取工具的完整定义后，才能调用这些延迟加载的工具。 每个工具的 searchHint 字段融是为此设计的——它提供 3-10 个词的能万摘述，帮助 ToolSearchTool 进行关键词匹配。例如 GrepTool 的 searchHint 是 'search file contents with regex (ripgrep)' o 标记了 alwaysLoad: true 的工具则永远不会被延迟——它们的完整 schema 总是出现在初始提示中。这适用于模型在第一轮对话瓯必须能直接调用的核心工具。
agent_img_010_010_900f839d220c	10	Claude code	两种路径的核心分歧在搜索工具的封装程度上。Claude Code 把 Grep 封装成带结构化参数的专用工具，LLM 不需要解析原始 shell 输出，减少出错概率，也让系统更容易控制信息量; Codex 让模型直接写 shell 命令调用 rg，给予最大灵活性 (可以目由组合管道、正则、路径过滤)，但需要模型自己处理非结构化的文本输出。 真正值得注意的是两者的共识: 两个互为竞争对手的 Al 编程产品，独立做出了几乎相同的架构决 oe, 用 LLM 驱动 ripgrep，放弃向量检索。 这不太可能是巧合。这说明在当前 LLM 能万水平和开上友者本地项目的规模学围内，零泰3| + Grep 已经是一个被反复验证的有效方案。
agent_img_010_011_2fe9a3cb897f	10	Claude code	本文在上面已经解释了为什么在代码搜索这个具体场景上可以这么换，总结有三个原因 :。 ”代码本身就是 Grep 友好的。 代码里的函数名、类名、常量，本质是程序员埋进去的高精度锚点，精确匹配恰好是最直接的检索方式。GrepRAG 的论文在 CrossCodeEval 等基准上验证了这一点: 单轮 grep 驱动的检索就能超过 embedding RAG 基线。这也解释了为什么连 Cursor 这种把语义索引当核心卖点的公司，内部 system prompt 仍然把 grep_ search 标为"主要探索工。 ”开发者本地项目的规模撑得住暴万扫描。 4,500 个文件的项目 ripgrep 跑完只要 0.1 秒，这个数量级根本用不着离线索引。“暴万搜索慢“的前提是数据大到暴万算法跑不动，而大多数本地代码库离这个前提还差好几个数量级。。 Agent 带来的是检索模式的转变。 传统 RAG 是被动的: 系统在问题出现之前就预先决定“你可能需要看什么"，一次性检索一批相关块塞进 context，模型只能在这批给定的内容上做推理。而 Agent 时代的检索是主动的: 模型每一轮主动决定当前需要什
agent_img_010_012_450cba6d1d68	10	Claude code	Memory 的设计理念是: 压缩可以丢痉实现细节 ( "怎么修的这个 bug")，但 Memory 保留天键决策 ("AP iat se A 而不是方案 B"、 "这个 bug 的根因是竞态条件")。前者可以从代码和 git 历史中恢复，后者无法从任何地方自动推导。
agent_img_010_013_a7f193bf605f	10	Claude code	~/.claude/projects/a3f8c2b1d0e9/memory/ |一 MEMORY .md 一 User_role_data_scientist.md 一 user_pref_deep_explanation.md 一 feedback_no_mock_database.md 一 feedback_no_fake_business_data.md 一 proJject_release_freeze_2626 65 67.md 一 project_ingest_refactor.md 一 reference_linear_ingest_bug.md [一 reference_sentry_dashboard.md
agent_img_010_014_190a24782f95	10	Claude code	2. 子文件一: user_role data_scientist.md 文件路径: ~/.claude/projects/a3f8c2bidee9/memory/user_role_data_scientist.md OD 文件内容: 4《》 Markdown 加 name: user_role_ data_scientist description: 用户是数据科学家，关注数据管道、可观测性和横型评估 type: user 用户主要以数据科学家和机器学习工程视角使用 Claude Code. 回答时应优先关注以下方面: 1. 数据管道是否稳定、可追踪、可复现。 2. 指标口径是否清晰，尤其是样本量、窗口期、过滤条件和异常值处理。 3. 模型评估是人否包含离线指标、线上指标和监控指标。 4. 代码解释需要说明数据流、状态变化和边界条件。 用户通常不满足于“怎么用”的回答，更希望理解“为什么这样设计”。
agent_img_010_015_8da4dcbcb47c	10	Claude code	<> Markdown (ey - [user_role_data_scientist](user_role_data_scientist.md) -- 用户是数据科学家，关注数据管道、可观测性和模型评估 - [user_pref_deep_explanation](user_pref_deep_explanation.md) -- 用户喜欢机制级、源码级、流程级的详细解释 - [feedback_no_mock_database](feedback_no_mock_database.md) -- 不要在数据库测试中使用 mock，需要真实数据库或测试容 - [feedback_no_fake_business_data](feedback_no_fake_business_data.md) -- 不要编造业务数据; 不确定时要明确说明假设 - [project_release_freeze_2626_65 67](project_release_freeze_2626 65 67.md) -- ingest-service 项目在 2026-05-07 - [project_inge
agent_img_010_016_10147080437a	10	Claude code	1. Session =’ Nisa”, Memory 是”项目级别” 你可以这样分: Session: 一次会话的聊天日志 O) Memory: 某个项目目录下的长期笔记 Session (RANE: 这一次对话里，用户问了什么，模型答了什么，工具调用了什么。 ey 文档里说，用户输入会变成 UserMessage，模型回复会变成 AssistantMessage，关掉终端后这些消息会写入 JSONL 文件， 下次可以通过 --resume 恢复， 这就是 Session, 加 8) Mit a2: _你用 Claude Code 这么久，它怎么… 但 Memory 保存的是: 所以它不是一轮对话一个 _ MEMORY.md，而是多个会话共同沉泥到同一个项目的 MemMoRY.md。 2. 一个项目目录只有一个 MEMORY.md 索引
agent_img_010_017_51c9eb8de69e	10	Claude code	口 Memory 存储架构 — MEMORY.md 内容预览记忆类型 (Memory Types) t home - [用户角色 (user role md)] 类型标识 PLB 描述示例文件 | .claude (user_role.md) an - [EHUB (feedback_no_mock.md) 定义用户身份和四 projects Penge ™~ = lL. ues 用户角色权限 User-role nd - [进行中工作 (project_deadiine,md)] mm 记录系统反馈和 Les a3{8c2b1d0e9 (aa cen a feedback “行为规范 EMMA feedback_no_mock.md P val 跟踪当前项目状 1 Les memory project。 进行中工作 Senet ayq Proiect_deadiine.md 到 RAR ”指向外部文档或二国 wemory.ma .md 文件内容预览〈示例) reference (og 资源的链接 (例如: api_docs.md) [= teedback_no_mock.md-) r
agent_img_010_018_b5f17153c5f1	10	Claude code	| 面试怎么答"Agent 的记忆提取触发策略"? 面试官问这个问题，本质上是在考察你对 Agent 系统工程权衡的理解，不是背诵某个具体实现。 先说问题本质 (15秒)。 “记忆提取有成本，每次触发要额外调一次 LLM，所以触发策略的核心是在成本控制和记忆覆盖率之间取平衡。" 再说两类主流策略 (20秒)。 “一类是规则驱动: Claude Code 用消息数量阔值 (>4条)， Generative Agents 用重要性积分闪值，触发时机确定可预测。另一类是 LLM 自主驱动: MemGPT 让 LLM 通过函数调用自己决定何时读写记忆，灵活但非确定性。” 然后说提取结果的处理 (15秒)。 "触发之后怎么处理也是设计点。Mem0 用 ADD/UPDATE/DELETE/NOOP 四种操作，NOOP 表示没有有价值的新信息，吉免无效写入。” 最后说你的项目实践 (20秒)。 “在我们的 Agent 项目里，用的是类似 Claude Code 的后台 SHR, SN 条新消息触发一次，用单独的任务异步执行不阻塞主对话。触发后 LLM 扫描新增内容，有新信息才写入，没有就跳过。实测下
agent_img_010_019_209453d6a810	10	Claude code	18. 一句话总结 Coalescing 就是: 后台记忆提取一次只能跑一个， 如果跑的过程中又来了新的提取请求，不新开任务，只把 _dirty 标成 True; 等当前提取结束后，再根据 _watermark 统一扫描新增 messages。互斥锁保证这些状态修改不会被多个异步任务同时打乱。 更短一点: _running: 现在有没有人在提取。 oO _dirty: 提取期间有没有新消息来。 _watermark: 上次提取处理到第几条消息。 互斥锁: 保证同一时间只有一个任务能改这些状态。 Coalescing: 把多个提取请求全并成<当前跑一次 + 必要时补跑一次”。
agent_img_010_020_b527d8b886ff	10	Claude code	| 面试怎么答 Agent 的记忆设计? 面试官问"你的 Memory 模块是皇么设计的"，这道题的核心考察点是: 你有没有把记忆当成一个需要主动管理的系统，而不是一个只写入的存储。 先说分类思路 (20秒)。 “我们把记忆分成四类: 用户信息 (长期稳定，全量加载)、反馈规则 (用户纠正，最高优先级)、项目状态 (有时效，必须用绝对日期)、外部引用 (按需检索)。 不同类型的使用时机和时效性是不同的，放在一起检索会引入不必要的噪声。" 再说时效性处理 (15秒)。 “项目状态类的记忆时效性最短，写入时必须把'周四'这类相对时间转换成绝对日期，避免记忆在未来被错误解读。每次会话开始时自动扫摘，过期的提示用户更新然后说什么不存 (15秒)。 “代码规范、git 历史这些从代码和版本管理里能读到的信息，不往 Memory 里存，避免 Memory 里有一份过时的副本比代码更可信。Memory 只存那些无法从当前状态目动推导出的个性化信息。" 最后说实际效果 (20秒)。 "引入分类管理之后，Memory 库大小下降了约 40%，但检索准确率提升了，主要原因是高优先级的记忆 (用户信息、反馈
agent_img_010_021_b3c82f1477b0	10	Claude code	Memory 设计改进: 从大杂烩到分层管理优化前优化后向量库 (无分类) user feedback 用户是后端工程师用户是后端工程师| | 不要mock数据库下周四截止引入四类分型管理不要mock数据库 [一> project reference Linear tracking bugs 项目用PostgreSQL | —— 用户今天调试bug @ feedback 优先级最高 Ay 时效性不同但混存 / @ project 自动检查时效过期信息难清除 / 检索噪声大四Memory A Or aoe!
agent_img_010_022_c5deb2fdfd12	10	Claude code	四类记忆的检索策略 Agent 收到用户请求 1 co 会话开始全量加载执行操作前触发检索任务相关性检索 ig wt 约束当前行为先检查绝对时效/ 找到系统位置后。 始终生效， 最高优先级过期则忽略、7诈三| EIB ss
agent_img_010_023_d582b70d06a2	10	Claude code	| 二、注入位置: system prompt 的第十段，在 CLAUDE.md 之前知道了"在 REPL 局动时注入"，下一个问题是: 注入在 system_prompt 的哪个位置? 对应源码: Lbuilder.py:74-135 |， 函数里有完整的 system_prompt Hee 辑，Memory 段落排在第 10 段。具体顺序是: 系统核心指令一环境信息一工具摘述 = — Memory ~ CLAUDE md 一其余动态段落为什么这个位置重要”大量实验表明，LLM 对 system prompt 不同位置的内容关注度是不均匀的，靠近开头和结尾的内容通常有更高的注意万权重，中间位置的内容容易在长上下文里被稀释。Memory 排在第 10 段，紧接在工具描述之后、用户项目配置之前，属于 system_prompt 的中前部，能确保模型在规划行动时能有效读取记忆内容。 排在 Memory 之后的 CLAUDE.md 是用户的项目级指令 (比如 "这个项目用 TypeScript, & 数命名用驼峰")，它的优先级比 Memory 高，如果 Memory 里记着"用户喜欢用单引
agent_img_010_024_4ec2339a3a62	10	Claude code	Claude Code system_prompt 构建顺序系统核心指令模型角色定义、基础行为规范环境信息操作系统、Shell、工作目录工具描述可用工具列表及参数 schema SUMMARIZE_TOOL_RESULTS 工具结果捕要策略 Memory (第10段) /_puild_system() main.py:285 M ~/.claude/projects/{id}/memory/ 加载，MEMORY.md 索引 + 各记忆文件内容 \ 仅在 REPL 启动时执行一次 ) CLAUDE.md 用户项目级指令，优先级高于 Memory 其余动态段落当前会话上下文竺民 a |
agent_img_010_025_fa1c65c42292	10	Claude code	用户能做什么如果你正在构建目己的 Al Agent 系统，以下是从 queryLoop() 设计中可以直接们鉴的实践 :。为每种恢复策略设置单次党试守卫。 在 while (true) 循环中，每种自动恢复 (RA, Bit, BR) 都必须有布尔标记或计数器防止无限循环。用 hasAttemptedx 命名，让意图一目了然。。 采用"从轻到重"的分层压缩策略。 不要在上下文超限时直接执行全量摘要。先尝试裁剪旧消息 (snip). Fi (microcompact), Bite 《collapse)、最后才全量压缩 \autocompact)。每一层都保留尽可能多的上下文信息。。用完整状态重建痊代增量修改。 在循环的每个 continue 站点构造完整的新状态对象，而非逐字段修改。这消除了"忘记重置字段"的 bug 类，尤其在有多个继续路径时。。 扣留可恢复错误。 不要在第一时间将错误暴露给上层消费者。先党试所有恢复手段，只有全部失败后才释放错误。这避免了上层因看到错误而过早终止会话。。利用模型响应的等待窗口做并行预取。 在发起 API 调用的同时启动内存预取、技能发现等异步任务。 模
agent_img_010_026_92e884da861b	10	Claude code	把五点连起来看 Rs、 第一，省钱、省延迟。 Ne Se —— k ThA. 这五点其实是一套完整的方法论: 因为稳定 prompt 可以被缓存，重复请求不用每次完整计算。 第二，让 Agent 更可靠。 1，先把系统提示词拆成模块因为提示词来源清楚、优先级清楚、动态内容边界清楚，后续调试和从代都会更容易。 a) 2. 标注哪些模块可缓存、哪些不可缓存 3。把动态模块放到缓存边界之后 4. 给不同来源的提示词定义优先级 5。用缓存命中率监控设计是否有效可以把理想结构想成这样: - Agent 身份 - 安全规则 - 工具使用原则 - 输出格式 - 错误处理规则 [SYSTEM_PROMPT_DYNAMIC_BOUNDARY] [低稳定性、每轮变化、不可绥存] - 当前时间 - 用户状态 - 当前任务上下文 - 工具调用结果
agent_img_010_027_8cb3c4541134	10	Claude code	5.9 用户能做什么基于本章分析的系统提示词架构，以下是读者可以在自己的 Al Agent 项目中直接应用的建议 : 1. 为你的提示词建立分段注册表。 不要将系统提示词硬编码为单一字符串。将其拆分为独立的、有名称的段落，每个段沙标注是否可缓存。这样做的收益不仅是缓存效率，更是可维护性 -- 当需要修改某个行为指令时，你可以精确定位到对应的段落，而不是在一个巨大的字符串中搜索。 2. 为易变段落增加 API 摩擦。 如果你的系统中有部分提示词内容需要每轮重算 《如动态工具列表、实时状态信息)，人参考 DANGEROUS_uncachedSystemPromptSection 的设计: 要求调用者提供"为什么需要每轮重算"的理由。这种摩擦在代码审查中尤其有价值 -- 它迫使开发者显式权衡缓存效率与内容新鲜度。 3. 将会话变量赶到缓存边界之后。 如果你使用的 API 支持 prompt caching，确保提示词的前缀部分 (缓存键的计算范围) 不包含因用户、会话或运行时状态而异的内容。Claude Code 的 SYSTEM_PROMPT_DYNAMIC_BOUNDARY 标记是这种策
agent_img_010_028_deae5c10a6f8	10	Claude code	网页估算，10 次重试预算结合指数退避，总等待大约是 2.5 到 3 分钟，并且每次等待还会玛加 0-25% 随机抖动。这个拌动非常重要: 如果大量 Claude Code 客户端同时遇到 API Mle, LARA, Eee 500ms、1s、2s、4s 这些时间点集体重试，反而进一步放大后端压万。 zhanghandono... 所以普通重试的核心公式可以理解成: delay = min(某个上限，566ms * 2^(attempt - 1)) OO) delay = delay + 6%~25% 随机抖动
agent_img_010_029_ea01ad355cb5	10	Claude code	12. 我觉得这套机制最值得借鉴的地方这篇网页里真正有价值的不是几个常量，而是它背后的工程原则。 第一，重试要有预算。默认 10 次，529 单独 3 次，Fast Mode 有 20 秒阔值，持久模式也有 5 分钟退避上限和 reset cap。没有预算的重试融是失控。 第二，不同错误要不同处理。429、529、408、409、401、403、5xx、连接错误，语义完全不同。尤其 429 对 Max/Pro 用户和企业 PAYG 用户的意义不同，这种差异化很重要。 第三，过载时要减载，而不是所有请求一起重试。529 时后台任务直接放弃，这是非常成熟的系统设计。 第四，流式响应要特别小心副作用。流式中途失败后重试，可能造成工具重复执行。只要涉及写文件、调用工有具、提交变更，融必须考虑戎等性。 第五，重试过程中也要可观测。每次 query/success/error 都打事件，错误分类细到 25 种以上，这样线上问题才能定位。 第六， 等待期间也要有用户体验, AsyncGenerator + yield SystemAPIErrorMessage 让重试等待过程可见， 不会像程序卡死。
agent_img_010_030_907dbaa011f8	10	Claude code	3. FileEditTool: 编辑前必须读取 FileEditTool 的核心规则很简单，但非常天键: 编辑文件前，必须先用 Read 工具读取过这个文件。 O] 这不是建议，而是硬性约束。网页说，工具运行时会检查对话历史里是否有对应的 Read 调用; 如果没有， EditTool 会直接报错。提示词提前告诉模型这个规则，是为了避免模型白白发起一次失败的工具调用。 张汉东为什么要这样? 因为模型如果不读文件就编辑，本质上是在赁记忆或猜测修改文件。它可能以为文件里有某段代码，但实际上文件已经变了。
agent_img_010_031_94b80bbf7ca5	10	Claude code	所以 Claude Code 用了双层防御: 提示词层， 告诉模型必须先读 O THE: 真的检查有没有读过这是一个非常重要的设计模式: 前置条件强制。
